Workbook

Sheet VH-IS
A1: v1.1 | B1: 实验1 | F1: IM(A) = | G1: 0.2 | M1: d(mm)= | N1: 0.12 | O1: U(d)(mm)= | P1: 0.004
A2: 本列序号 | B2: IS | C2: V1 | D2: V2 | E2: V3 | F2: V4 | G2: VH | H2: IS^2 | I2: IS*VH | K2: e(C)= | L2: =1.602*10^(-19) -> 1.602e-19 | M2: d (m)= | N2: =N1/1000 -> 0.00012 | O2: U(d) (m)= | P2: =P1/1000 -> 4e-06
A3: 本行单位 | B3: mA | C3: mV | D3: mV | E3: mV | F3: mV | G3: mV | H3: mA^2 | I3: mA*mV
C4: +IS、+B 填绝对值 | D4: +IS、-B 填绝对值 | E4: -IS、-B 填绝对值 | F4: -IS、+B 填绝对值 | G4: VH=(V1-V2+V3-V4)/4 (mV) | K4: 以下计算区 | O4: 请在右侧输入C: | Q4: 90.58 | R4: mT/A
A5: 本行填V1-4的正负 | C5: -1 | D5: 1 | E5: -1 | F5: 1 | K5: 【① 最小二乘法相关计算】 | O5: (全局)
A6: 1 | B6: 0.2 | C6: 5.63 | D6: 5.74 | E6: 5.76 | F6: 5.65 | G6: =ABS(C6*$C$5-D6*$D$5+E6*$E$5-F6*$F$5)/4 -> 5.695 | H6: =B6^2 -> 0.04 | I6: =B6*G6 -> 1.139 | K6: x bar | L6: =AVERAGE(B6:B15) -> 1.1
A7: 2 | B7: 0.4 | C7: 11.33 | D7: 11.54 | E7: 11.55 | F7: 11.32 | G7: =ABS(C7*$C$5-D7*$D$5+E7*$E$5-F7*$F$5)/4 -> 11.435 | H7: =B7^2 -> 0.16 | I7: =B7*G7 -> 4.574 | K7: x^2 bar | L7: =AVERAGE(H6:H15) -> 1.54 | O7: 【② RH、n相关计算】
A8: 3 | B8: 0.6 | C8: 16.95 | D8: 16.95 | E8: 17.25 | F8: 16.94 | G8: =ABS(C8*$C$5-D8*$D$5+E8*$E$5-F8*$F$5)/4 -> 17.0225 | H8: =B8^2 -> 0.36 | I8: =B8*G8 -> 10.2135 | K8: y bar | L8: =AVERAGE(G6:G15) -> 30.9965 | O8: RH bar | P8: =L11*N2/(G1*Q4/1000) -> 0.18453702 | Q8: m^3/C
A9: 4 | B9: 0.8 | C9: 22.52 | D9: 22.95 | E9: 22.97 | F9: 22.52 | G9: =ABS(C9*$C$5-D9*$D$5+E9*$E$5-F9*$F$5)/4 -> 22.74 | H9: =B9^2 -> 0.64 | I9: =B9*G9 -> 18.192 | K9: xy bar | L9: =AVERAGE(I6:I15) -> 43.2896 | O9: n bar | P9: =1/(P8*L2) -> 3.3826259e+19 | Q9: m^(-3)
A10: 5 | B10: 1 | C10: 28.17 | D10: 28.68 | E10: 28.72 | F10: 28.15 | G10: =ABS(C10*$C$5-D10*$D$5+E10*$E$5-F10*$F$5)/4 -> 28.43 | H10: =B10^2 -> 1 | I10: =B10*G10 -> 28.43 | K10: 【结果如下：】 | O10: (不建议！！) n也可写 | P10: =P9/(100^3) -> 3.3826259e+13 | Q10: cm^(-3)
A11: 6 | B11: 1.2 | C11: 33.68 | D11: 34.32 | E11: 34.36 | F11: 33.54 | G11: =ABS(C11*$C$5-D11*$D$5+E11*$E$5-F11*$F$5)/4 -> 33.975 | H11: =B11^2 -> 1.44 | I11: =B11*G11 -> 40.77 | K11: k | L11: =(L9-L6*L8)/(L7-(L6)^2) -> 27.858939 | M11: V/A
A12: 7 | B12: 1.4 | C12: 39.11 | D12: 39.79 | E12: 39.93 | F12: 39.04 | G12: =ABS(C12*$C$5-D12*$D$5+E12*$E$5-F12*$F$5)/4 -> 39.4675 | H12: =B12^2 -> 1.96 | I12: =B12*G12 -> 55.2545 | K12: b | L12: =L8-L11*L6 -> 0.35166667 | M12: mV | O12: 【③ 不确定度相关计算】 | Q12: (p=95.5%)
A13: 8 | B13: 1.6 | C13: 44.59 | D13: 45.4 | E13: 45.47 | F13: 44.45 | G13: =ABS(C13*$C$5-D13*$D$5+E13*$E$5-F13*$F$5)/4 -> 44.9775 | H13: =B13^2 -> 2.56 | I13: =B13*G13 -> 71.964 | K13: r | L13: =PEARSON(B6:B15,G6:G15) -> 0.99995118 | O13: (1)求UIM
A14: 9 | B14: 1.8 | C14: 49.99 | D14: 50.87 | E14: 50.98 | F14: 49.88 | G14: =ABS(C14*$C$5-D14*$D$5+E14*$E$5-F14*$F$5)/4 -> 50.43 | H14: =B14^2 -> 3.24 | I14: =B14*G14 -> 90.774 | O14: 仪器最小分度值 | P14: 0.001
A15: 10 | B15: 2 | C15: 55.3 | D15: 56.27 | E15: 56.4 | F15: 55.2 | G15: =ABS(C15*$C$5-D15*$D$5+E15*$E$5-F15*$F$5)/4 -> 55.7925 | H15: =B15^2 -> 4 | I15: =B15*G15 -> 111.585 | K15: （x即IS，y即VH） | O15: kp | P15: 2
O16: C(假设为均匀) | P16: =SQRT(3) -> 1.7320508
B17: VH默认换成正，请自行在报告中说明其正负性 | I17: [可用下方辅助草图适当调整数据]（原则上是不用且不应调整的） | O17: UIM = UB = | P17: =P15*(P14/2)/P16 -> 0.00057735027
B18: 说明：本工作簿各表是为了方便Origin导入设计的，请忽略部分格式问题 | O18: (2)求Ur(RH)
B19: 关于“正负”：1代表正，-1代表负，遇到零填1或-1均可(但不要不填或填其他的) | O19: Ur(RH) | P19: =SQRT(((1/N2)*P2)^2+((1/G1)*P17)^2) -> 0.0334581
B20: 【请自行判断小数位数，注意单位换算！】 | O20: (3)final step
B21: （以上三表同） | O21: URH | P21: =P19*P8 -> 0.0061742582 | Q21: m^3/C
O22: Un | P22: =(P21/P8)*P9 -> 1.1317624e+18 | Q22: m^(-3)
B23: 使用方法：输入蓝底部分，更正差异部分，表格会自动计算。 | P23: (p=95.5%)
B24: （本工作簿中所有计算结果均和deepseek进行过比对，已证明公式可靠性。）
O25: 表示结果示例:
B26: 制作: | C26: 机械学院 24级 momooo | O26: RH = 0.185±0.006 m^3/C
B27: Last Updated: | C27: 2025.4.25 24:39 | O27: n = (3.4±0.1) * 10^19 m^(-3)

Sheet VH-IM
A1: 实验2 | F1: Is(mA) = | G1: 2 | I1: Is(A) = | J1: =G1/1000 -> 0.002 | N1: d(mm)= | O1: 0.12 | P1: U(d)(mm)= | Q1: 0.004
A2: 本列序号 | B2: IM | C2: V1 | D2: V2 | E2: V3 | F2: V4 | G2: VH | H2: IM | I2: IM^2 | J2: IM*VH | L2: e(C)= | M2: =1.602*10^(-19) -> 1.602e-19 | N2: d (m)= | O2: =O1/1000 -> 0.00012 | P2: U(d) (m)= | Q2: =Q1/1000 -> 4e-06
A3: 本行单位 | B3: A | C3: mV | D3: mV | E3: mV | F3: mV | G3: mV | H3: mA | I3: mA^2 | J3: mA*mV
C4: +IS、+B 填绝对值 | D4: +IS、-B 填绝对值 | E4: -IS、-B 填绝对值 | F4: -IS、+B 填绝对值 | G4: VH=(V1-V2+V3-V4)/4 (mV) | L4: 以下计算区
A5: 本行填V1-4的正负 | C5: -1 | D5: 1 | E5: -1 | F5: 1 | L5: 【① 最小二乘法相关计算】 | P5: 【② RH、n相关计算】
A6: 1 | B6: 0.02 | C6: 5.3 | D6: 7.02 | E6: 7.04 | F6: 5.32 | G6: =ABS(C6*$C$5-D6*$D$5+E6*$E$5-F6*$F$5)/4 -> 6.17 | H6: =B6*1000 -> 20 | I6: =H6^2 -> 400 | J6: =G6*H6 -> 123.4 | L6: x bar | M6: =AVERAGE(H6:H15) -> 110 | P6: RH bar | Q6: =M11*O2/(J1*'VH-IS'!Q4/1000) -> 0.18192105 | R6: m^3/C
A7: 2 | B7: 0.04 | C7: 10.79 | D7: 12.01 | E7: 12.11 | F7: 10.28 | G7: =ABS(C7*$C$5-D7*$D$5+E7*$E$5-F7*$F$5)/4 -> 11.2975 | H7: =B7*1000 -> 40 | I7: =H7^2 -> 1600 | J7: =G7*H7 -> 451.9 | L7: x^2 bar | M7: =AVERAGE(I6:I15) -> 15400 | P7: n bar | Q7: =1/(Q6*M2) -> 3.4312671e+19 | R7: m^(-3)
A8: 3 | B8: 0.06 | C8: 16.55 | D8: 17.73 | E8: 17.91 | F8: 16.02 | G8: =ABS(C8*$C$5-D8*$D$5+E8*$E$5-F8*$F$5)/4 -> 17.0525 | H8: =B8*1000 -> 60 | I8: =H8^2 -> 3600 | J8: =G8*H8 -> 1023.15 | L8: y bar | M8: =AVERAGE(G6:G15) -> 30.76425 | P8: (不建议！！) n也可写 | Q8: =Q7/(100^3) -> 3.4312671e+13 | R8: cm^(-3)
A9: 4 | B9: 0.08 | C9: 22.05 | D9: 23.22 | E9: 23.41 | F9: 21.58 | G9: =ABS(C9*$C$5-D9*$D$5+E9*$E$5-F9*$F$5)/4 -> 22.565 | H9: =B9*1000 -> 80 | I9: =H9^2 -> 6400 | J9: =G9*H9 -> 1805.2 | L9: xy bar | M9: =AVERAGE(J6:J15) -> 4290.38
A10: 5 | B10: 0.1 | C10: 27.56 | D10: 28.7 | E10: 28.93 | F10: 27.17 | G10: =ABS(C10*$C$5-D10*$D$5+E10*$E$5-F10*$F$5)/4 -> 28.09 | H10: =B10*1000 -> 100 | I10: =H10^2 -> 10000 | J10: =G10*H10 -> 2809 | L10: 【结果如下：】
A11: 6 | B11: 0.12 | C11: 33.06 | D11: 34.16 | E11: 34.44 | F11: 32.69 | G11: =ABS(C11*$C$5-D11*$D$5+E11*$E$5-F11*$F$5)/4 -> 33.5875 | H11: =B11*1000 -> 120 | I11: =H11^2 -> 14400 | J11: =G11*H11 -> 4030.5 | L11: k | M11: =(M9-M6*M8)/(M7-(M6)^2) -> 0.27464015 | N11: V/A | P11: 【③ 不确定度相关计算】 | R11: (p=95.5%)
A12: 7 | B12: 0.14 | C12: 38.42 | D12: 39.5 | E12: 39.75 | F12: 38.11 | G12: =ABS(C12*$C$5-D12*$D$5+E12*$E$5-F12*$F$5)/4 -> 38.945 | H12: =B12*1000 -> 140 | I12: =H12^2 -> 19600 | J12: =G12*H12 -> 5452.3 | L12: b | M12: =M8-M11*M6 -> 0.55383333 | N12: mV | P12: (1)求UIS
A13: 8 | B13: 0.16 | C13: 43.94 | D13: 45.01 | E13: 45.27 | F13: 43.66 | G13: =ABS(C13*$C$5-D13*$D$5+E13*$E$5-F13*$F$5)/4 -> 44.47 | H13: =B13*1000 -> 160 | I13: =H13^2 -> 25600 | J13: =G13*H13 -> 7115.2 | L13: r | M13: =PEARSON(H6:H15,G6:G15) -> 0.99998171 | P13: 仪器最小分度值 | Q13: =0.001/1000 -> 1e-06
A14: 9 | B14: 0.18 | C14: 49.45 | D14: 50.51 | E14: 50.76 | F14: 49.25 | G14: =ABS(C14*$C$5-D14*$D$5+E14*$E$5-F14*$F$5)/4 -> 49.9925 | H14: =B14*1000 -> 180 | I14: =H14^2 -> 32400 | J14: =G14*H14 -> 8998.65 | P14: kp | Q14: 2
A15: 10 | B15: 0.2 | C15: 54.96 | D15: 55.96 | E15: 56.19 | F15: 54.78 | G15: =ABS(C15*$C$5-D15*$D$5+E15*$E$5-F15*$F$5)/4 -> 55.4725 | H15: =B15*1000 -> 200 | I15: =H15^2 -> 40000 | J15: =G15*H15 -> 11094.5 | L15: （x即IM，y即VH） | P15: C(假设为均匀) | Q15: =SQRT(3) -> 1.7320508
P16: UIM = UB = | Q16: =Q14*(Q13/2)/Q15 -> 5.7735027e-07
I17: [可用下方辅助草图适当调整数据]（原则上是不用且不应调整的） | P17: (2)求Ur(RH)
P18: Ur(RH) | Q18: =SQRT(((1/O2)*Q2)^2+((1/G1)*Q16)^2) -> 0.033333333
B19: 关于“正负”：1代表正，-1代表负，遇到零填1或-1均可(但不要不填或填其他的) | P19: (3)final step
B20: 【请自行判断小数位数，注意单位换算！】 | P20: URH | Q20: =Q18*Q6 -> 0.0060640351 | R20: m^3/C
P21: Un | Q21: =(Q20/Q6)*Q7 -> 1.1437557e+18 | R21: m^(-3)
Q22: (p=95.5%)
P24: 表示结果示例:
P25: RH = 0.182±0.006 m^3/C
P26: n = (3.4±0.1) * 10^19 m^(-3)

Sheet Vσ-IS
A1: 实验3 | C1: B=0T
A2: 本列序号 | B2: IS | C2: Vσ | D2: IS^2 | E2: IS*Vσ | G2: 竖着填，并自行判断小数位数
A3: 本行单位 | B3: mA | C3: mV | D3: mA^2 | E3: mA*mV
A4: 1 | B4: 0.1 | C4: 3.54 | D4: =B4^2 -> 0.01 | E4: =B4*C4 -> 0.354 | G4: 以下常数勿改 | L4: [可用下方辅助草图适当调整数据]（原则上是不用且不应调整的）
A5: 2 | B5: 0.2 | C5: 7.08 | D5: =B5^2 -> 0.04 | E5: =B5*C5 -> 1.416 | G5: L(mm)= | H5: 0.8 | I5: U(L)(mm)= | J5: 0.002
A6: 3 | B6: 0.3 | C6: 10.51 | D6: =B6^2 -> 0.09 | E6: =B6*C6 -> 3.153 | G6: L (m)= | H6: =H5/1000 -> 0.0008 | I6: U(L) (m)= | J6: =J5/1000 -> 2e-06
A7: 4 | B7: 0.4 | C7: 14.03 | D7: =B7^2 -> 0.16 | E7: =B7*C7 -> 5.612
A8: 5 | B8: 0.5 | C8: 17.54 | D8: =B8^2 -> 0.25 | E8: =B8*C8 -> 8.77 | G8: b(mm)= | H8: 0.6 | I8: U(b)(mm)= | J8: 0.002
A9: 6 | B9: 0.6 | C9: 21 | D9: =B9^2 -> 0.36 | E9: =B9*C9 -> 12.6 | G9: b (m)= | H9: =H8/1000 -> 0.0006 | I9: U(b) (m)= | J9: =J8/1000 -> 2e-06
A10: 7 | B10: 0.7 | C10: 24.46 | D10: =B10^2 -> 0.49 | E10: =B10*C10 -> 17.122
A11: 8 | B11: 0.8 | C11: 28.02 | D11: =B11^2 -> 0.64 | E11: =B11*C11 -> 22.416 | G11: d(mm)= | H11: 0.12 | I11: U(d)(mm)= | J11: 0.004
A12: 9 | B12: 0.9 | C12: 31.42 | D12: =B12^2 -> 0.81 | E12: =B12*C12 -> 28.278 | G12: d (m)= | H12: =H11/1000 -> 0.00012 | I12: U(d) (m)= | J12: =J11/1000 -> 4e-06
A13: 10 | B13: 1 | C13: 34.87 | D13: =B13^2 -> 1 | E13: =B13*C13 -> 34.87
A15: 以下计算区
A16: 【① 最小二乘法相关计算】 | E16: 【② σ、μ相关计算】
A17: x bar | B17: =AVERAGE(B4:B13) -> 0.55 | E17: σ bar | F17: =H6/(B22*H9*H12) -> 319.03477 | G17: S/m | L17: 这里是Vσ-IS图，sheet5图3画的是IS-Vσ图。 讲义上和本表中的k都Vσ-IS图的，请务必注意！！！
A18: x^2 bar | B18: =AVERAGE(D4:D13) -> 0.385 | E18: μ bar | F18: =J22*F17 -> 58.873728 | G18: m^2/(V·s)
A19: y bar | B19: =AVERAGE(C4:C13) -> 19.247
A20: xy bar | B20: =AVERAGE(E4:E13) -> 13.4591 | E20: 【③ 不确定度相关计算】
A21: 【结果如下：】 | E21: Ur(σ) | F21: =SQRT(((1/H12)*J12)^2+((1/H6)*J6)^2+((1/H9)*J9)^2) -> 0.033592741 | I21: 采用：
A22: k | B22: =(B20-B17*B19)/(B18-(B17)^2) -> 34.827273 | C22: V/A | E22: Uσ | F22: =F21*F17 -> 10.717252 | G22: S/m | I22: RH | J22: ='VH-IS'!P8 -> 0.18453702 | K22: m^3/C
A23: b | B23: =B19-B22*B17 -> 0.092 | C23: mV | E23: Ur(μ) | F23: =SQRT((1/J22)^2*J23^2+(1/F17)^2*F22^2) -> 0.0474122 | I23: URH | J23: ='VH-IS'!P21 -> 0.0061742582 | K23: m^3/C
A24: r | B24: =PEARSON(B4:B13,C4:C13) -> 0.99999441 | E24: Uμ | F24: =F23*F18 -> 2.7913329 | G24: m^2/(V·s)
A26: （x即IS，y即Vσ） | E26: 表示结果示例:
E27: σ = (3.2±0.1) * 10^2 S/m
E28: μ = 59±3 m^2/(V·s)

Sheet B在X轴分布
A1: 选做实验1 | F1: IM(A)= | G1: 0.2 | M1: d(mm)= | N1: 0.12 | O1: U(d)(mm)= | P1: 0.004 | R1: IS(mA)= | S1: 2
A2: 本列序号 | B2: x实际 | C2: x相对 | D2: V1 | E2: V2 | F2: V3 | G2: V4 | H2: VH | I2: VH | J2: B | K2: B | M2: d (m)= | N2: =N1/1000 -> 0.00012 | O2: U(d) (m)= | P2: =P1/1000 -> 4e-06 | R2: IS (A)= | S2: =S1/1000 -> 0.002
A3: 本行单位 | B3: mm | C3: mm | D3: mV | E3: mV | F3: mV | G3: mV | H3: mV | I3: V | J3: T | K3: mT
B4: 可不填 | D4: +Im、+Is 填绝对值 | E4: -Im、+Is 填绝对值 | F4: -Im、-Is 填绝对值 | G4: +Im、-Is 填绝对值 | H4: VH=(V1-V2+V3-V4)/4 (mV) | J4: B=(VH·d)/(RH·IS) (T) | M4: 最后填本表. 请自行判断小数位数,注意单位换算
A5: 本行填V1-4的正负 | D5: -1 | E5: 1 | F5: -1 | G5: 1
A6: 14 | B6: 454 | C6: -44 | D6: 3.42 | E6: 4.81 | F6: 4.86 | G6: 4.84 | H6: =ABS(D6*$D$5-E6*$E$5+F6*$F$5-G6*$G$5)/4 -> 4.4825 | I6: =H6/1000 -> 0.0044825 | J6: =(I6*$N$2)/($N$13*$S$2) -> 0.0014574311 | K6: =J6*1000 -> 1.4574311 | M6: 填完按“x相对” 从小到大排序
A7: 13 | B7: 460 | C7: -38 | D7: 5.1 | E7: 6.58 | F7: 6.73 | G7: 6.62 | H7: =ABS(D7*$D$5-E7*$E$5+F7*$F$5-G7*$G$5)/4 -> 6.2575 | I7: =H7/1000 -> 0.0062575 | J7: =(I7*$N$2)/($N$13*$S$2) -> 0.0020345511 | K7: =J7*1000 -> 2.0345511
A8: 12 | B8: 463 | C8: -35 | D8: 6.45 | E8: 8.01 | F8: 8.16 | G8: 8.11 | H8: =ABS(D8*$D$5-E8*$E$5+F8*$F$5-G8*$G$5)/4 -> 7.6825 | I8: =H8/1000 -> 0.0076825 | J8: =(I8*$N$2)/($N$13*$S$2) -> 0.0024978727 | K8: =J8*1000 -> 2.4978727
A9: 11 | B9: 466 | C9: -32 | D9: 8.79 | E9: 10.16 | F9: 10.4 | G9: 10.31 | H9: =ABS(D9*$D$5-E9*$E$5+F9*$F$5-G9*$G$5)/4 -> 9.915 | I9: =H9/1000 -> 0.009915 | J9: =(I9*$N$2)/($N$13*$S$2) -> 0.0032237433 | K9: =J9*1000 -> 3.2237433
A10: 10 | B10: 468 | C10: -30 | D10: 10.94 | E10: 12.22 | F10: 12.41 | G10: 12.24 | H10: =ABS(D10*$D$5-E10*$E$5+F10*$F$5-G10*$G$5)/4 -> 11.9525 | I10: =H10/1000 -> 0.0119525 | J10: =(I10*$N$2)/($N$13*$S$2) -> 0.003886212 | K10: =J10*1000 -> 3.886212
A11: 9 | B11: 472 | C11: -26 | D11: 18.3 | E11: 19.07 | F11: 19.72 | G11: 19.49 | H11: =ABS(D11*$D$5-E11*$E$5+F11*$F$5-G11*$G$5)/4 -> 19.145 | I11: =H11/1000 -> 0.019145 | J11: =(I11*$N$2)/($N$13*$S$2) -> 0.0062247671 | K11: =J11*1000 -> 6.2247671
A12: 8 | B12: 475 | C12: -23 | D12: 28.32 | E12: 30.07 | F12: 31.97 | G12: 30.42 | H12: =ABS(D12*$D$5-E12*$E$5+F12*$F$5-G12*$G$5)/4 -> 30.195 | I12: =H12/1000 -> 0.030195 | J12: =(I12*$N$2)/($N$13*$S$2) -> 0.0098175421 | K12: =J12*1000 -> 9.8175421 | M12: 采用：
A13: 7 | B13: 477 | C13: -21 | D13: 39.27 | E13: 40.37 | F13: 41.95 | G13: 40.6 | H13: =ABS(D13*$D$5-E13*$E$5+F13*$F$5-G13*$G$5)/4 -> 40.5475 | I13: =H13/1000 -> 0.0405475 | J13: =(I13*$N$2)/($N$13*$S$2) -> 0.013183533 | K13: =J13*1000 -> 13.183533 | M13: RH | N13: ='VH-IS'!P8 -> 0.18453702 | O13: m^3/C
A14: 6 | B14: 478 | C14: -20 | D14: 43.76 | E14: 45.62 | F14: 46.35 | G14: 45.71 | H14: =ABS(D14*$D$5-E14*$E$5+F14*$F$5-G14*$G$5)/4 -> 45.36 | I14: =H14/1000 -> 0.04536 | J14: =(I14*$N$2)/($N$13*$S$2) -> 0.01474826 | K14: =J14*1000 -> 14.74826 | M14: URH | N14: ='VH-IS'!P21 -> 0.0061742582 | O14: m^3/C
A15: 5 | B15: 479 | C15: -19 | D15: 47.66 | E15: 49.94 | F15: 49.94 | G15: 50.5 | H15: =ABS(D15*$D$5-E15*$E$5+F15*$F$5-G15*$G$5)/4 -> 49.51 | I15: =H15/1000 -> 0.04951 | J15: =(I15*$N$2)/($N$13*$S$2) -> 0.016097583 | K15: =J15*1000 -> 16.097583
A16: 4 | B16: 481 | C16: -17 | D16: 52.99 | E16: 53.62 | F16: 54.15 | G16: 54.17 | H16: =ABS(D16*$D$5-E16*$E$5+F16*$F$5-G16*$G$5)/4 -> 53.7325 | I16: =H16/1000 -> 0.0537325 | J16: =(I16*$N$2)/($N$13*$S$2) -> 0.017470478 | K16: =J16*1000 -> 17.470478 | M16: [可用下方辅助草图适当调整数据]（原则上是不用且不应调整的）
A17: 3 | B17: 485 | C17: -13 | D17: 54.3 | E17: 55.12 | F17: 55.22 | G17: 55.28 | H17: =ABS(D17*$D$5-E17*$E$5+F17*$F$5-G17*$G$5)/4 -> 54.98 | I17: =H17/1000 -> 0.05498 | J17: =(I17*$N$2)/($N$13*$S$2) -> 0.017876088 | K17: =J17*1000 -> 17.876088
A18: 2 | B18: 487 | C18: -11 | D18: 54.5 | E18: 55.24 | F18: 55.35 | G18: 55.4 | H18: =ABS(D18*$D$5-E18*$E$5+F18*$F$5-G18*$G$5)/4 -> 55.1225 | I18: =H18/1000 -> 0.0551225 | J18: =(I18*$N$2)/($N$13*$S$2) -> 0.01792242 | K18: =J18*1000 -> 17.92242
A19: 1 | B19: 498 | C19: 0 | D19: 54.55 | E19: 55.5 | F19: 55.63 | G19: 55.68 | H19: =ABS(D19*$D$5-E19*$E$5+F19*$F$5-G19*$G$5)/4 -> 55.34 | I19: =H19/1000 -> 0.05534 | J19: =(I19*$N$2)/($N$13*$S$2) -> 0.017993137 | K19: =J19*1000 -> 17.993137
A20: 15 | B20: 509 | C20: 11 | D20: 54.82 | E20: 55.87 | F20: 55.92 | G20: 55.77 | H20: =ABS(D20*$D$5-E20*$E$5+F20*$F$5-G20*$G$5)/4 -> 55.595 | I20: =H20/1000 -> 0.055595 | J20: =(I20*$N$2)/($N$13*$S$2) -> 0.018076047 | K20: =J20*1000 -> 18.076047
A21: 16 | B21: 511 | C21: 13 | D21: 54.83 | E21: 55.79 | F21: 55.89 | G21: 55.75 | H21: =ABS(D21*$D$5-E21*$E$5+F21*$F$5-G21*$G$5)/4 -> 55.565 | I21: =H21/1000 -> 0.055565 | J21: =(I21*$N$2)/($N$13*$S$2) -> 0.018066293 | K21: =J21*1000 -> 18.066293
A22: 17 | B22: 515 | C22: 17 | D22: 53.29 | E22: 54.38 | F22: 54.43 | G22: 54.53 | H22: =ABS(D22*$D$5-E22*$E$5+F22*$F$5-G22*$G$5)/4 -> 54.1575 | I22: =H22/1000 -> 0.0541575 | J22: =(I22*$N$2)/($N$13*$S$2) -> 0.017608662 | K22: =J22*1000 -> 17.608662
A23: 18 | B23: 517 | C23: 19 | D23: 49.39 | E23: 50.66 | F23: 50.04 | G23: 50.05 | H23: =ABS(D23*$D$5-E23*$E$5+F23*$F$5-G23*$G$5)/4 -> 50.035 | I23: =H23/1000 -> 0.050035 | J23: =(I23*$N$2)/($N$13*$S$2) -> 0.01626828 | K23: =J23*1000 -> 16.26828
A24: 19 | B24: 518 | C24: 20 | D24: 45.2 | E24: 46.41 | F24: 45.54 | G24: 45.39 | H24: =ABS(D24*$D$5-E24*$E$5+F24*$F$5-G24*$G$5)/4 -> 45.635 | I24: =H24/1000 -> 0.045635 | J24: =(I24*$N$2)/($N$13*$S$2) -> 0.014837673 | K24: =J24*1000 -> 14.837673
A25: 20 | B25: 519 | C25: 21 | D25: 39.35 | E25: 41.54 | F25: 40.27 | G25: 50.86 | H25: =ABS(D25*$D$5-E25*$E$5+F25*$F$5-G25*$G$5)/4 -> 43.005 | I25: =H25/1000 -> 0.043005 | J25: =(I25*$N$2)/($N$13*$S$2) -> 0.01398256 | K25: =J25*1000 -> 13.98256
A26: 21 | B26: 521 | C26: 23 | D26: 28.82 | E26: 30.24 | F26: 28.74 | G26: 29.86 | H26: =ABS(D26*$D$5-E26*$E$5+F26*$F$5-G26*$G$5)/4 -> 29.415 | I26: =H26/1000 -> 0.029415 | J26: =(I26*$N$2)/($N$13*$S$2) -> 0.0095639344 | K26: =J26*1000 -> 9.5639344
A27: 22 | B27: 524 | C27: 26 | D27: 17.62 | E27: 19.15 | F27: 18.7 | G27: 19.12 | H27: =ABS(D27*$D$5-E27*$E$5+F27*$F$5-G27*$G$5)/4 -> 18.6475 | I27: =H27/1000 -> 0.0186475 | J27: =(I27*$N$2)/($N$13*$S$2) -> 0.006063011 | K27: =J27*1000 -> 6.063011
A28: 23 | B28: 528 | C28: 30 | D28: 10.69 | E28: 12.23 | F28: 11.98 | G28: 12.15 | H28: =ABS(D28*$D$5-E28*$E$5+F28*$F$5-G28*$G$5)/4 -> 11.7625 | I28: =H28/1000 -> 0.0117625 | J28: =(I28*$N$2)/($N$13*$S$2) -> 0.0038244358 | K28: =J28*1000 -> 3.8244358
A29: 24 | B29: 530 | C29: 32 | D29: 8.52 | E29: 9.94 | F29: 9.84 | G29: 9.86 | H29: =ABS(D29*$D$5-E29*$E$5+F29*$F$5-G29*$G$5)/4 -> 9.54 | I29: =H29/1000 -> 0.00954 | J29: =(I29*$N$2)/($N$13*$S$2) -> 0.0031018166 | K29: =J29*1000 -> 3.1018166
A30: 25 | B30: 532(892) | C30: 34 | D30: 7.34 | E30: 8.8 | F30: 8.82 | G30: 8.8 | H30: =ABS(D30*$D$5-E30*$E$5+F30*$F$5-G30*$G$5)/4 -> 8.44 | I30: =H30/1000 -> 0.00844 | J30: =(I30*$N$2)/($N$13*$S$2) -> 0.0027441648 | K30: =J30*1000 -> 2.7441648
A31: 26 | B31: 536(896) | C31: 38 | D31: 5.68 | E31: 6.89 | F31: 5.79 | G31: 5.81 | H31: =ABS(D31*$D$5-E31*$E$5+F31*$F$5-G31*$G$5)/4 -> 6.0425 | I31: =H31/1000 -> 0.0060425 | J31: =(I31*$N$2)/($N$13*$S$2) -> 0.0019646464 | K31: =J31*1000 -> 1.9646464
A32: 27 | B32: 542(902) | C32: 44 | D32: 4.28 | E32: 4.93 | F32: 3.63 | G32: 3.65 | H32: =ABS(D32*$D$5-E32*$E$5+F32*$F$5-G32*$G$5)/4 -> 4.1225 | I32: =H32/1000 -> 0.0041225 | J32: =(I32*$N$2)/($N$13*$S$2) -> 0.0013403814 | K32: =J32*1000 -> 1.3403814

Sheet 图合集
A2: 说明：以下给出的都是拟合曲线 | J2: 【请自行调整图像大小及各元素位置】
A3: 说明： | B3: 这里图3画的是IS-Vσ图。sheet3里面的是Vσ-IS图，讲义上和sheet3中的k都是是Vσ-IS图的，请务必注意！！！
