Workbook

Sheet 几何参数
A1: v0.1 | B1: 几何参数测量 | E1: 竖着填
H2: 散热盘质量m (g) | I2: 663 | L2: 材料(1硅胶，2胶木) | M2: 2
B3: 散热盘C | D3: 样品盘B | H3: = | I3: =I2/1000 -> 0.663 | J3: kg
A4: 测量次数 | B4: DC (cm) | C4: hC (cm) | D4: DB (cm) | E4: hB (cm)
A5: 1 | B5: 10 | C5: 0.964 | D5: 9.964 | E5: 0.818 | G5: 相关参数
A6: 2 | B6: 9.994 | C6: 0.98 | D6: 9.962 | E6: 0.818 | H6: 紫铜比热容c | I6: 394 | J6: J/(kg·℃)
A7: 3 | B7: 10.01 | C7: 0.962 | D7: 9.96 | E7: 0.82 | H7: 密度ρ | I7: 8.9 | J7: g/cm^3
A8: 4 | B8: 9.998 | C8: 0.972 | D8: 9.966 | E8: 0.816 | H8: = | I8: =I7*1000 -> 8900 | J8: kg·m^-3
A9: 5 | B9: 9.992 | C9: 0.962 | D9: 9.958 | E9: 0.81
A10: 平均 | B10: =AVERAGE(B5:B9) -> 9.9988 | C10: =AVERAGE(C5:C9) -> 0.968 | D10: =AVERAGE(D5:D9) -> 9.962 | E10: =AVERAGE(E5:E9) -> 0.8164
B12: 先把四张sheet填完， 再看下面的数据！！！ | G12: 请自行判断 有效数字位数！！！
B17: 以下计算区（不用填）
I18: 冷却速率ΔT/Δt | T2 | J18: =冷却!J22 -> 0.014266667 | K18: K/s
B19: RC | C19: =B10/2 -> 4.9994 | D19: cm | E19: RB | F19: =D10/2 -> 4.981 | G19: cm | I19: ΔT bar | J19: =冷却!L12 -> 2.14 | K19: K
B20: = | C20: =C19/100 -> 0.049994 | D20: m | E20: = | F20: =F19/100 -> 0.04981 | G20: m | I20: U(ΔT) | J20: =冷却!J20 -> 0.23145557 | K20: K
B21: hC | C21: =C10 -> 0.968 | D21: cm | E21: hB | F21: =E10 -> 0.8164 | G21: cm | I21: Δt bar | J21: =冷却!M14 -> 150 | K21: s
B22: = | C22: =C21/100 -> 0.00968 | D22: m | E22: = | F22: =F21/100 -> 0.008164 | G22: m | I22: U(Δt) | J22: =冷却!M20 -> 1.1546994 | K22: s | N22: 说明：只用填蓝底部分，其他数值自动计算
B24: T1 | C24: =升温!I3 -> 58.82 | D24: ℃ | I24: 所乘系数 | J24: =I3*I6*((F22*(C20+2*C22))/((2*C20+2*C22)*(C24-C25)*PI()*((F20)^2))) -> 11.373103 | K24: 单位略
B25: T2 | C25: =升温!I4 -> 44.84 | D25: ℃ | I25: λ值 | J25: =J24*J18 -> 0.16225628 | K25: W·m⁻¹·K⁻¹
B26: 自动引用，不用填 | I26: λ相对不确定度 | J26: =SQRT((J20/J19)^2+(J22/J21)^2) -> 0.10843041 | K26: W·m⁻¹·K⁻¹
I27: λ不确定度 | J27: =J29*J26 -> 0.017593515 | K27: W·m⁻¹·K⁻¹ | Q27: 与不确定度同末位 | S27: 保留一位
Q28: ↓↓↓ | S28: ↓↓↓
B29: 制作: | C29: 机械学院 24级 momooo | H29: 样品盘B的热导率λ | J29: =J25 -> 0.16225628 | K29: W·m⁻¹·K⁻¹ | L29: 与不确定度同末位 | O29: 结果表达： | P29: λ = | Q29: =J29 -> 0.16225628 | R29: ± | S29: =J30 -> 0.017593515 | T29: W·m⁻¹·K⁻¹
B30: Last Updated: | C30: 2025.11.23 10:51 | H30: 热导率不确定度 | J30: =J27 -> 0.017593515 | K30: W·m⁻¹·K⁻¹ | L30: 保留一位 | S30: (P=95.5%)

Sheet 升温
A1: 升温过程观测 | D1: 竖着填
A3: 测量次数 | B3: 时间 | C3: A盘 | D3: C盘 | H3: 稳态温度T1 bar (℃) | I3: =AVERAGE(H7:H11) -> 58.82
B4: t (s) | C4: T (℃) | D4: T (℃) | H4: 稳态温度T2 bar (℃) | I4: =AVERAGE(I7:I11) -> 44.84
A5: 0 | B5: 0 | C5: 19.9 | D5: 19.9
A6: 1 | B6: 120 | C6: 30 | D6: 20.4 | F6: 最后五组数据粘在下面
A7: 2 | B7: 240 | C7: 38.7 | D7: 20.8 | F7: 1 | G7: 4020 | H7: 58.8 | I7: 44.7
A8: 3 | B8: 360 | C8: 46.2 | D8: 21.9 | F8: 2 | G8: 4320 | H8: 58.8 | I8: 44.8
A9: 4 | B9: 480 | C9: 52.7 | D9: 23.4 | F9: 3 | G9: 4620 | H9: 58.8 | I9: 44.9
A10: 5 | B10: 600 | C10: 58.4 | D10: 25.3 | F10: 4 | G10: 4920 | H10: 58.9 | I10: 44.9
A11: 6 | B11: 720 | C11: 58.6 | D11: 27.5 | F11: 5 | G11: 5220 | H11: 58.8 | I11: 44.9
A12: 7 | B12: 840 | C12: 59.1 | D12: 29.7
A13: 8 | B13: 960 | C13: 59.1 | D13: 31.6
A14: 9 | B14: 1080 | C14: 59.1 | D14: 33.3
A15: 10 | B15: 1200 | C15: 59.1 | D15: 34.8
A16: 11 | B16: 1320 | C16: 59 | D16: 36.1
A17: 12 | B17: 1440 | C17: 59 | D17: 37.3
A18: 13 | B18: 1560 | C18: 59 | D18: 38.4
A19: 14 | B19: 1680 | C19: 59 | D19: 39.2
A20: 15 | B20: 1800 | C20: 59 | D20: 39.9
A21: 16 | B21: 1920 | C21: 59 | D21: 40.6
A22: 17 | B22: 2040 | C22: 58.8 | D22: 41.2
A23: 18 | B23: 2160 | C23: 58.9 | D23: 41.7
... A41: 36 | B41: 5220 | C41: 58.8 | D41: 44.9

Sheet 冷却 (画图)
A1: 冷却过程观测 | E1: 竖着填
J2: 自动引用
A3: 测量次数 | B3: 时间 | C3: C盘 | D3: 与T2差值 | H3: 稳态温度T2 bar (℃) | J3: =升温!I4 -> 44.84
B4: t (s) | C4: T (℃) | D4: ΔT (℃)
A5: 1 | B5: 0 | C5: 49.6 | D5: =C5-$J$3 -> 4.76 | G5: 这张表要填
A6: 2 | B6: 30 | C6: 49.2 | D6: =C6-$J$3 -> 4.36
A7: 3 | B7: 60 | C7: 48.7 | D7: =C7-$J$3 -> 3.86
A8: 4 | B8: 90 | C8: 48.2 | D8: =C8-$J$3 -> 3.36
A9: 5 | B9: 120 | C9: 47.7 | D9: =C9-$J$3 -> 2.86
A10: 6 | B10: 150 | C10: 47.2 | D10: =C10-$J$3 -> 2.36
A11: 7 | B11: 180 | C11: 46.8 | D11: =C11-$J$3 -> 1.96
A12: 8 | B12: 210 | C12: 46.3 | D12: =C12-$J$3 -> 1.46
A13: 9 | B13: 240 | C13: 45.9 | D13: =C13-$J$3 -> 1.06
A14: 10 | B14: 270 | C14: 45.5 | D14: =C14-$J$3 -> 0.66
A15: 11 | B15: 300 | C15: 45 | D15: =C15-$J$3 -> 0.16
A16: 12 | B16: 330 | C16: 44.6 | D16: =C16-$J$3 -> -0.24
A17: 13 | B17: 360 | C17: 44.2 | D17: =C17-$J$3 -> -0.64
... A22: 18 | B22: 510 | C22: 42.2 | D22: =C22-$J$3 -> -2.64

Sheet 冷却
A1: 冷却过程观测 | E1: 竖着填
J2: 自动引用
A3: 测量次数 | B3: 时间 | C3: C盘 | D3: 与T2差值 | H3: 稳态温度T2 bar (℃) | J3: =升温!I4 -> 44.84 | L3: 这张表要填
B4: t (s) | C4: T (℃) | D4: ΔT (℃)
A5: 1 | B5: 0 | C5: 49.6 | D5: =C5-$J$3 -> 4.76 | G5: 时间 | H5: C盘 | J5: 时间 | K5: C盘 | L5: ΔT5 | M5: Δt5 | N5: ΔT/Δt | O5: (ΔTi-(ΔT bar))^2
A6: 2 | B6: 30 | C6: 49.2 | D6: =C6-$J$3 -> 4.36 | G6: t (s) | H6: T (℃) | J6: t (s) | K6: T (℃) | L6: |T(n)-T(n+5)| | M6: |t(n)-t(n+5)| | N6: K/s
A7: 3 | B7: 60 | C7: 48.7 | D7: =C7-$J$3 -> 3.86 | F7: 1 | G7: 180 | H7: 46.8 | I7: 6 | J7: 330 | K7: 44.6 | L7: =H7-K7 -> 2.2 | M7: =J7-G7 -> 150 | N7: =L7/M7 -> 0.014666667 | O7: =(L7-$L$12)^2 -> 0.0036
A8: 4 | B8: 90 | C8: 48.2 | D8: =C8-$J$3 -> 3.36 | F8: 2 | G8: 210 | H8: 46.3 | I8: 7 | J8: 360 | K8: 44.2 | L8: =H8-K8 -> 2.1 | M8: =J8-G8 -> 150 | N8: =L8/M8 -> 0.014 | O8: =(L8-$L$12)^2 -> 0.0016
A9: 5 | B9: 120 | C9: 47.7 | D9: =C9-$J$3 -> 2.86 | F9: 3 | G9: 240 | H9: 45.9 | I9: 8 | J9: 390 | K9: 43.8 | L9: =H9-K9 -> 2.1 | M9: =J9-G9 -> 150 | N9: =L9/M9 -> 0.014 | O9: =(L9-$L$12)^2 -> 0.0016
A10: 6 | B10: 150 | C10: 47.2 | D10: =C10-$J$3 -> 2.36 | F10: 4 | G10: 270 | H10: 45.5 | I10: 9 | J10: 420 | K10: 43.3 | L10: =H10-K10 -> 2.2 | M10: =J10-G10 -> 150 | N10: =L10/M10 -> 0.014666667 | O10: =(L10-$L$12)^2 -> 0.0036
A11: 7 | B11: 180 | C11: 46.8 | D11: =C11-$J$3 -> 1.96 | F11: 5 | G11: 300 | H11: 45 | I11: 10 | J11: 450 | K11: 42.9 | L11: =H11-K11 -> 2.1 | M11: =J11-G11 -> 150 | N11: =L11/M11 -> 0.014 | O11: =(L11-$L$12)^2 -> 0.0016
A12: 8 | B12: 210 | C12: 46.3 | D12: =C12-$J$3 -> 1.46 | K12: average | L12: =AVERAGE(L7:L11) -> 2.14 | M12: =AVERAGE(M7:M11) -> 150 | N12: =AVERAGE(N7:N11) -> 0.014266667
A13: 9 | B13: 240 | C13: 45.9 | D13: =C13-$J$3 -> 1.06 | M13: 这个应该都是150.00↑
A14: 10 | B14: 270 | C14: 45.5 | D14: =C14-$J$3 -> 0.66 | G14: ΔT bar | J14: =L12 -> 2.14 | K14: K | L14: Δt bar | M14: =M12 -> 150 | N14: s
A15: 11 | B15: 300 | C15: 45 | D15: =C15-$J$3 -> 0.16 | G15: uA(ΔT) | J15: =SQRT(SUM(O7:O11)/(5*4)) -> 0.024494897 | K15: K | L15: uA(Δt) | M15: 0 | N15: s
A16: 12 | B16: 330 | C16: 44.6 | D16: =C16-$J$3 -> -0.24 | G16: 量程 | H16: 110℃ = | J16: =110+273.15 -> 383.15 | K16: K | L16: 量程 | M16: 9999.99 | N16: s
A17: 13 | B17: 360 | C17: 44.2 | D17: =C17-$J$3 -> -0.64 | G17: 级别 | J17: =0.1/2 -> 0.05 | K17: K | L17: 级别 | M17: =0.01 -> 0.01 | N17: s
A18: 14 | B18: 390 | C18: 43.8 | D18: =C18-$J$3 -> -1.04 | G18: Δ仪 | J18: =J16*J17/100 -> 0.191575 | K18: K | L18: Δ仪 | M18: =M16*M17/100 -> 0.999999 | N18: s
A19: 15 | B19: 420 | C19: 43.3 | D19: =C19-$J$3 -> -1.54 | G19: uB(ΔT) | J19: =2*J18/SQRT(3) -> 0.22121176 | K19: K | L19: uB(Δt) | M19: =2*M18/SQRT(3) -> 1.1546994 | N19: s
A20: 16 | B20: 450 | C20: 42.9 | D20: =C20-$J$3 -> -1.94 | G20: U(ΔT) | J20: =SQRT((H26*J15)^2+(J19)^2) -> 0.23145557 | K20: K | L20: U(Δt) | M20: =SQRT((H26*M15)^2+(M19)^2) -> 1.1546994 | N20: s
A21: 17 | B21: 480 | C21: 42.5 | D21: =C21-$J$3 -> -2.34
A22: 18 | B22: 510 | C22: 42.2 | D22: =C22-$J$3 -> -2.64 | G22: ΔT/Δt | T=T2 | J22: =N12 -> 0.014266667 | K22: K·s^-1
B24: 这张表可以不填 | G24: 之后的计算看Sheet1
B25: 图见Sheet3
G26: tp | H26: 2.78
G27: n=5, p=95.5%
