Workbook

Sheet 必做
A1: v0.3
A2: 测量次数→→→ | C2: 1 | G2: 2 | K2: 3 | O2: 4 | S2: 5
A3: 注意右侧单位！！！！ | C3: 度 | E3: 分 | G3: 度 | I3: 分 | K3: 度 | M3: 分 | O3: 度 | Q3: 分 | S3: 度 | U3: 分 | X3: 【说明】仅供参考，数据、进位等有误概不负责。未明确标注留多少位有效数字的自行判断。
A4: 入射像的位置 | B4: 左游标读数 φ左 | C4: 306 | D4: ° | E4: 35 | F4: ′ | G4: 53 | H4: ° | I4: 32 | J4: ′ | K4: 306 | L4: ° | M4: 36 | N4: ′ | O4: 53 | P4: ° | Q4: 31 | R4: ′ | S4: 306 | T4: ° | U4: 37 | V4: ′ | X4: 【操作方法】自行输入蓝底部分数据即可，全自动计算，其余部分不用动。
B5: 右游标读数 φ右 | C5: 126 | D5: ° | E5: 33 | F5: ′ | G5: 233 | H5: ° | I5: 34 | J5: ′ | K5: 126 | L5: ° | M5: 31 | N5: ′ | O5: 233 | P5: ° | Q5: 33 | R5: ′ | S5: 126 | T5: ° | U5: 32 | V5: ′ | X5: (分的计算若直接四舍五入会出现进位错误的问题，
A6: 偏转最小时 折射像的位置 | B6: 左游标读数 φ左0 | C6: 0 | D6: ° | E6: 2 | F6: ′ | G6: 0 | H6: ° | I6: 2 | J6: ′ | K6: 0 | L6: ° | M6: 2 | N6: ′ | O6: 0 | P6: ° | Q6: 3 | R6: ′ | S6: 0 | T6: ° | U6: 2 | V6: ′ | X6: 故除完是整数或一位小数的直接显示，其他均保留两位小数。
B7: 右游标读数 φ右0 | C7: 180 | D7: ° | E7: 3 | F7: ′ | G7: 180 | H7: ° | I7: 2 | J7: ′ | K7: 180 | L7: ° | M7: 3 | N7: ′ | O7: 180 | P7: ° | Q7: 2 | R7: ′ | S7: 180 | T7: ° | U7: 2 | V7: ′ | X7: 注意抄录时仅保留整数。三表同。)
A8: 是否过零？ 是...1，否...0 | B8: 左游标示数 | C8: 1 | G8: 0 | K8: 1 | O8: 0 | S8: 1
B9: 右游标示数 | C9: 0 | G9: 0 | K9: 0 | O9: 0 | S9: 0 | X9: 若用自行计算后的数据请直接删除对应位原公式改为计算值，折射率/不确定度会对应更改。
A10: 单位转换 | B10: 左游标读数 φ左 | C10: =C4+E4/60 -> 306.58333 | G10: =G4+I4/60 -> 53.533333 | K10: =K4+M4/60 -> 306.6 | O10: =O4+Q4/60 -> 53.516667 | S10: =S4+U4/60 -> 306.61667
A11: 单位：° | B11: 右游标读数 φ右 | C11: =C5+E5/60 -> 126.55 | G11: =G5+I5/60 -> 233.56667 | K11: =K5+M5/60 -> 126.51667 | O11: =O5+Q5/60 -> 233.55 | S11: =S5+U5/60 -> 126.53333 | X11: 折射率采取A的不确定度计算方法 1...默认值, 2...自准法, 3...反射法 | AC11: 2 | AD11: 选择2或3必须先填选做表格, 再看必做n的不确定度！
B12: 左游标读数 φ左0 | C12: =C6+E6/60 -> 0.033333333 | G12: =G6+I6/60 -> 0.033333333 | K12: =K6+M6/60 -> 0.033333333 | O12: =O6+Q6/60 -> 0.05 | S12: =S6+U6/60 -> 0.033333333
B13: 右游标读数 φ右0 | C13: =C7+E7/60 -> 180.05 | G13: =G7+I7/60 -> 180.03333 | K13: =K7+M7/60 -> 180.05 | O13: =O7+Q7/60 -> 180.03333 | S13: =S7+U7/60 -> 180.03333
B14: abs左 过零纠正 | C14: =ABS(MIN(C10,C12)+360*C8-MAX(C10,C12)) -> 53.45 | G14: =ABS(MIN(G10,G12)+360*G8-MAX(G10,G12)) -> 53.5 | K14: =ABS(MIN(K10,K12)+360*K8-MAX(K10,K12)) -> 53.433333 | O14: =ABS(MIN(O10,O12)+360*O8-MAX(O10,O12)) -> 53.466667 | S14: =ABS(MIN(S10,S12)+360*S8-MAX(S10,S12)) -> 53.416667
B15: abs右 过零纠正 | C15: =ABS(MIN(C11,C13)+360*C9-MAX(C11,C13)) -> 53.5 | G15: =ABS(MIN(G11,G13)+360*G9-MAX(G11,G13)) -> 53.533333 | K15: =ABS(MIN(K11,K13)+360*K9-MAX(K11,K13)) -> 53.533333 | O15: =ABS(MIN(O11,O13)+360*O9-MAX(O11,O13)) -> 53.516667 | S15: =ABS(MIN(S11,S13)+360*S9-MAX(S11,S13)) -> 53.5 | Y15: 三棱镜顶角不确定度rad | Z15: =data1!E2 -> 0.00058177642 | AB15: ur(n) | AC15: =SQRT((1/4)*(_xlfn.COT((Z16+Y18)/2)-_xlfn.COT(Z16/2))^2*(Z15^2)+(1/4)*_xlfn.COT((Z16+Y18)/2)^2*Y25^2) -> 0.00037184589
A16: 未转回 | B16: 最小偏向角δmin | C16: =(1/2)*(C14+C15) -> 53.475 | G16: =(1/2)*(G14+G15) -> 53.516667 | K16: =(1/2)*(K14+K15) -> 53.483333 | O16: =(1/2)*(O14+O15) -> 53.491667 | S16: =(1/2)*(S14+S15) -> 53.458333 | Y16: 三棱镜顶角度数rad | Z16: =data1!E4 -> 1.0474884 | AB16: U(n) | AC16: =C24*AC15 -> 0.00062178845
B17: δmin平均值 | C17: =AVERAGE(C16:V16) -> 53.485
A18: 弧度制 | B18: δmin rad | C18: =C16*PI()/180 -> 0.93331482 | G18: =G16*PI()/180 -> 0.93404204 | K18: =K16*PI()/180 -> 0.93346026 | O18: =O16*PI()/180 -> 0.93360571 | S18: =S16*PI()/180 -> 0.93302393 | X18: δmin平均值rad | Y18: =(K22+M22/60)*PI()/180 -> 0.93348935 | AC18: ()^2/4
B19: δmin平均值 rad | C19: =C17*PI()/180 -> 0.93348935 | X19: σ | Y19: =SQRT(SUM(AC20:AG20)) -> 0.00037647273 | AC19: 1 | AD19: 2 | AE19: 3 | AF19: 4 | AG19: 5
A20: 警告标记（0...正常） | C20: =IF(AND(ABS(C14-C15)<1/6,C16-$C$17<1),0,"请检查过零") -> 0 | G20: =IF(AND(ABS(G14-G15)<1/6,G16-$C$17<1),0,"请检查过零") -> 0 | K20: =IF(AND(ABS(K14-K15)<1/6,K16-$C$17<1),0,"请检查过零") -> 0 | O20: =IF(AND(ABS(O14-O15)<1/6,O16-$C$17<1),0,"请检查过零") -> 0 | S20: =IF(AND(ABS(S14-S15)<1/6,S16-$C$17<1),0,"请检查过零") -> 0 | X20: uA δmin | Y20: =Y19/SQRT(5) -> 0.00016836372 | AC20: =(AC24-$Y$18)^2/4 -> 7.6154355e-09 | AD20: =(AD24-$Y$18)^2/4 -> 7.6365895e-08 | AE20: =(AE24-$Y$18)^2/4 -> 2.1153987e-10 | AF20: =(AF24-$Y$18)^2/4 -> 3.384638e-09 | AG20: =(AG24-$Y$18)^2/4 -> 5.4154208e-08
A21: 最小偏向角δmin | C21: =_xlfn.FLOOR.MATH(C16) -> 53 | D21: ° | E21: =(C16-C21)*60 -> 28.5 | F21: ′ | G21: =_xlfn.FLOOR.MATH(G16) -> 53 | H21: ° | I21: =(G16-G21)*60 -> 31 | J21: ′ | K21: =_xlfn.FLOOR.MATH(K16) -> 53 | L21: ° | M21: =(K16-K21)*60 -> 29 | N21: ′ | O21: =_xlfn.FLOOR.MATH(O16) -> 53 | P21: ° | Q21: =(O16-O21)*60 -> 29.5 | R21: ′ | S21: =_xlfn.FLOOR.MATH(S16) -> 53 | T21: ° | U21: =(S16-S21)*60 -> 27.5 | V21: ′ | X21: UA δmin | Y21: =AD26*Y20 -> 0.00019193464 | AC21: δmin重算
A22: δmin平均值 | K22: =_xlfn.FLOOR.MATH(AH23) -> 53 | L22: ° | M22: =(AH23-K22)*60 -> 29.1 | N22: ′ | X22: 合成不确定度 | Y22: =SQRT(Y21^2+AD29^2) -> 0.00061261955 | AC22: 1 | AD22: 2 | AE22: 3 | AF22: 4 | AG22: 5 | AH22: 平均
A23: δmin不确定度 | K23: =_xlfn.FLOOR.MATH(Y23) -> 0 | L23: ° | M23: =(Y23-K23)*60 -> 2.1060309 | N23: ′ | X23: 角度制 | Y23: =Y22*180/PI() -> 0.035100514 | AC23: =C21+E21/60 -> 53.475 | AD23: =G21+I21/60 -> 53.516667 | AE23: =K21+M21/60 -> 53.483333 | AF23: =O21+Q21/60 -> 53.491667 | AG23: =S21+U21/60 -> 53.458333 | AH23: =AVERAGE(AC23:AG23) -> 53.485
A24: 折射率n | C24: =(SIN((Z16+Y18)/2))/(SIN(Z16/2)) -> 1.672167 | AB24: rad | AC24: =AC23*PI()/180 -> 0.93331482 | AD24: =AD23*PI()/180 -> 0.93404204 | AE24: =AE23*PI()/180 -> 0.93346026 | AF24: =AF23*PI()/180 -> 0.93360571 | AG24: =AG23*PI()/180 -> 0.93302393 | AH24: =AH23*PI()/180 -> 0.93348935
A25: n不确定度 | C25: =AC16 -> 0.00062178845 | X25: δ不确定度rad re | Y25: =(K23+M23/60)*PI()/180 -> 0.00061261955
K26: (p=0.683) | AC26: tp | AD26: 1.14
F27: 有时会出现1分60秒的情况，写到纸上时请自行修正！！！ （表格示数无需修改，计算时会自动更正） | AC27: p=0.683, n=5
A28: 制作： | B28: 机械学院 24级 momooo | AC28: uB(°) | AD28: =2/60 -> 0.033333333
A29: Last Updated: | B29: 2025.3.25 9:13 | AC29: uB rad | AD29: =AD28*PI()/180 -> 0.00058177642

Sheet 选做1
A1: 序号 | B1: AB面对准望远镜时 | J1: AC面对准望远镜时 | R1: 是否过零？ （是...1，否...0） | T1: 警告标记 （0...正常） | U1: θ | Y1: A
B2: θ1 | F2: θ1' | J2: θ2 | N2: θ2'
B3: 度 | D3: 分 | F3: 度 | H3: 分 | J3: 度 | L3: 分 | N3: 度 | P3: 分 | R3: θ1&θ2 | S3: θ1'&θ2' | U3: 度 | W3: 分 | Y3: 度 | AA3: 分
A4: 1 | B4: 297 | C4: ° | D4: 47 | E4: ′ | F4: 117 | G4: ° | H4: 42 | I4: ′ | J4: 57 | K4: ° | L4: 41 | M4: ′ | N4: 237 | O4: ° | P4: 45 | Q4: ′ | R4: 1 | S4: 0 | T4: =IF(AND(ABS(F10-N10)<1,F13-AVERAGE($F$13:$I$15)<1),0,"请检查过零") -> 0 | U4: =_xlfn.FLOOR.MATH(F13) -> 119 | V4: ° | W4: =(F13-U4)*60 -> 58.5 | X4: ′ | Y4: =_xlfn.FLOOR.MATH(F16) -> 60 | Z4: ° | AA4: =(F16-Y4)*60 -> 1.5 | AB4: ′
A5: 2 | B5: 318 | C5: ° | D5: 15 | E5: ′ | F5: 138 | G5: ° | H5: 12 | I5: ′ | J5: 78 | K5: ° | L5: 10 | M5: ′ | N5: 258 | O5: ° | P5: 14 | Q5: ′ | R5: 1 | S5: 0 | T5: =IF(AND(ABS(F11-N11)<1,F14-AVERAGE($F$13:$I$15)<1),0,"请检查过零") -> 0 | U5: =_xlfn.FLOOR.MATH(F14) -> 119 | V5: ° | W5: =(F14-U5)*60 -> 58.5 | X5: ′ | Y5: =_xlfn.FLOOR.MATH(F17) -> 60 | Z5: ° | AA5: =(F17-Y5)*60 -> 1.5 | AB5: ′
A6: 3 | B6: 300 | C6: ° | D6: 39 | E6: ′ | F6: 120 | G6: ° | H6: 32 | I6: ′ | J6: 60 | K6: ° | L6: 32 | M6: ′ | N6: 240 | O6: ° | P6: 35 | Q6: ′ | R6: 1 | S6: 0 | T6: =IF(AND(ABS(F12-N12)<1,F15-AVERAGE($F$13:$I$15)<1),0,"请检查过零") -> 0 | U6: =_xlfn.FLOOR.MATH(F15) -> 119 | V6: ° | W6: =(F15-U6)*60 -> 58 | X6: ′ | Y6: =_xlfn.FLOOR.MATH(F18) -> 60 | Z6: ° | AA6: =(F18-Y6)*60 -> 2 | AB6: ′
A7: 1 | B7: =B4+D4/60 -> 297.78333 | F7: =F4+H4/60 -> 117.7 | J7: =J4+L4/60 -> 57.683333 | N7: =N4+P4/60 -> 237.75
A8: 2 | B8: =B5+D5/60 -> 318.25 | F8: =F5+H5/60 -> 138.2 | J8: =J5+L5/60 -> 78.166667 | N8: =N5+P5/60 -> 258.23333 | W8: A均值 | Y8: =_xlfn.FLOOR.MATH(T16) -> 60 | Z8: ° | AA8: =_xlfn.FLOOR.MATH((T16-Y8)*60) -> 1 | AB8: ′ | AC8: =((T16-Y8)*60-AA8)*60 -> 40 | AD8: "
A9: 3 | B9: =B6+D6/60 -> 300.65 | F9: =F6+H6/60 -> 120.53333 | J9: =J6+L6/60 -> 60.533333 | N9: =N6+P6/60 -> 240.58333 | W9: 不确定度 | Y9: =_xlfn.FLOOR.MATH(B25) -> 0 | Z9: ° | AA9: =_xlfn.FLOOR.MATH((B25-Y9)*60) -> 2 | AB9: ′ | AC9: =((B25-Y9)*60-AA9)*60 -> 6.3651851 | AD9: " | AF9: 请自行判断位数
A10: 1过零纠正 | B10: 1,2→→ | F10: =ABS(MIN(B7,J7)+360*R4-MAX(B7,J7)) -> 119.9 | J10: 1',2'→→ | N10: =ABS(MIN(F7,N7)+360*S4-MAX(F7,N7)) -> 120.05
A11: 2过零纠正 | B11: 1,2→→ | F11: =ABS(MIN(B8,J8)+360*R5-MAX(B8,J8)) -> 119.91667 | J11: 1',2'→→ | N11: =ABS(MIN(F8,N8)+360*S5-MAX(F8,N8)) -> 120.03333 | W11: 做必做实验计算时不确定度和均值请自行输入，以免小数位数出问题
A12: 3过零纠正 | B12: 1,2→→ | F12: =ABS(MIN(B9,J9)+360*R6-MAX(B9,J9)) -> 119.88333 | J12: 1',2'→→ | N12: =ABS(MIN(F9,N9)+360*S6-MAX(F9,N9)) -> 120.05
A13: θ 未改 | B13: 1 | F13: =(1/2)*(F10+N10) -> 119.975 | J13: θ重算 | N13: =U4+W4/60 -> 119.975 | R13: θ重算rad | S13: =N13*PI()/180 -> 2.0939588
B14: 2 | F14: =(1/2)*(F11+N11) -> 119.975 | N14: =U5+W5/60 -> 119.975 | S14: =N14*PI()/180 -> 2.0939588
B15: 3 | F15: =(1/2)*(F12+N12) -> 119.96667 | N15: =U6+W6/60 -> 119.96667 | S15: =N15*PI()/180 -> 2.0938133 | T15: A原平均角度
A16: A 未改 | B16: 1 | F16: =180-F13 -> 60.025 | J16: A重算 | N16: =Y4+AA4/60 -> 60.025 | R16: A重算rad | S16: =N16*PI()/180 -> 1.0476339 | T16: =T18*180/PI() -> 60.027778
B17: 2 | F17: =180-F14 -> 60.025 | N17: =Y5+AA5/60 -> 60.025 | S17: =N17*PI()/180 -> 1.0476339 | T17: A原平均rad
B18: 3 | F18: =180-F15 -> 60.033333 | N18: =Y6+AA6/60 -> 60.033333 | S18: =N18*PI()/180 -> 1.0477793 | T18: =AVERAGE(S16:S18) -> 1.0476824
A19: A角度制均值 | B19: =Y8+AA8/60 -> 60.016667 | R19: ()^2/2 | S19: =(S16-$B$20)^2/2 -> 1.0576994e-08
A20: A平均值 | B20: =B19*PI()/180 -> 1.0474884 | S20: =(S17-$B$20)^2/2 -> 1.0576994e-08
A21: σ | B21: =SQRT(SUM(S19:S21)) -> 0.00025191658 | S21: =(S18-$B$20)^2/2 -> 4.2307975e-08
A22: uA | B22: =B21/SQRT(3) -> 0.0001454441 | R22: tp | S22: 1.32
A23: UA | B23: =S22*B22 -> 0.00019198622 | R23: p=0.683, n=3
A24: 合成不确定度 | B24: =SQRT(B23^2+S25^2) -> 0.00061263571 | R24: uB(°) | S24: =2/60 -> 0.033333333
A25: 角度制 | B25: =B24*180/PI() -> 0.03510144 | R25: uB rad | S25: =S24*PI()/180 -> 0.00058177642
A28: 不确定度重算 | B28: =Y9+AA9/60 -> 0.033333333
A29: 不确定度重算rad | B29: =B28*PI()/180 -> 0.00058177642

Sheet 选做2
A1: 序号 | B1: 对准反射像1时的游标示数 | J1: 对准反射像2时的游标示数 | R1: 是否过零？ （是...1，否...0） | T1: 警告标记 （0...正常） | U1: A
B2: θ1 | F2: θ1' | J2: θ2 | N2: θ2'
B3: 度 | D3: 分 | F3: 度 | H3: 分 | J3: 度 | L3: 分 | N3: 度 | P3: 分 | R3: θ1&θ2 | S3: θ1'&θ2' | U3: 度 | W3: 分
A4: 1 | B4: 57 | C4: ° | D4: 45 | E4: ′ | F4: 237 | G4: ° | H4: 49 | I4: ′ | J4: 297 | K4: ° | L4: 50 | M4: ′ | N4: 117 | O4: ° | P4: 44 | Q4: ′ | R4: 1 | S4: 0 | T4: =IF(AND(ABS(F10-N10)<5,F13-AVERAGE($F$13:$I$15)<1),0,"请检查过零") -> 0 | U4: =_xlfn.FLOOR.MATH(F13) -> 60 | V4: ° | W4: =(F13-U4)*60 -> 0 | X4: ′
A5: 2 | B5: 61 | C5: ° | D5: 14 | E5: ′ | F5: 241 | G5: ° | H5: 18 | I5: ′ | J5: 301 | K5: ° | L5: 18 | M5: ′ | N5: 121 | O5: ° | P5: 14 | Q5: ′ | R5: 1 | S5: 0 | T5: =IF(AND(ABS(F11-N11)<5,F14-AVERAGE($F$13:$I$15)<1),0,"请检查过零") -> 0 | U5: =_xlfn.FLOOR.MATH(F14) -> 60 | V5: ° | W5: =(F14-U5)*60 -> 0 | X5: ′
A6: 3 | B6: 62 | C6: ° | D6: 26 | E6: ′ | F6: 242 | G6: ° | H6: 30 | I6: ′ | J6: 302 | K6: ° | L6: 31 | M6: ′ | N6: 122 | O6: ° | P6: 28 | Q6: ′ | R6: 1 | S6: 0 | T6: =IF(AND(ABS(F12-N12)<5,F15-AVERAGE($F$13:$I$15)<1),0,"请检查过零") -> 0 | U6: =_xlfn.FLOOR.MATH(F15) -> 59 | V6: ° | W6: =(F15-U6)*60 -> 59.25 | X6: ′
A7: 1 | B7: =B4+D4/60 -> 57.75 | F7: =F4+H4/60 -> 237.81667 | J7: =J4+L4/60 -> 297.83333 | N7: =N4+P4/60 -> 117.73333
A8: 2 | B8: =B5+D5/60 -> 61.233333 | F8: =F5+H5/60 -> 241.3 | J8: =J5+L5/60 -> 301.3 | N8: =N5+P5/60 -> 121.23333 | T8: A均值 | U8: =_xlfn.FLOOR.MATH(T14) -> 59 | V8: ° | W8: =_xlfn.FLOOR.MATH((T14-U8)*60) -> 59 | X8: ′ | Y8: =((T14-U8)*60-W8)*60 -> 45 | Z8: "
A9: 3 | B9: =B6+D6/60 -> 62.433333 | F9: =F6+H6/60 -> 242.5 | J9: =J6+L6/60 -> 302.51667 | N9: =N6+P6/60 -> 122.46667 | T9: 不确定度 | U9: =_xlfn.FLOOR.MATH(B22) -> 0 | V9: ° | W9: =_xlfn.FLOOR.MATH((B22-U9)*60) -> 2 | X9: ′ | Y9: =((B22-U9)*60-W9)*60 -> 8.6709757 | Z9: " | AB9: 请自行判断位数
A10: 1过零纠正 | B10: 1,2→→ | F10: =ABS(MIN(B7,J7)+360*R4-MAX(B7,J7)) -> 119.91667 | J10: 1',2'→→ | N10: =ABS(MIN(F7,N7)+360*S4-MAX(F7,N7)) -> 120.08333
A11: 2过零纠正 | B11: 1,2→→ | F11: =ABS(MIN(B8,J8)+360*R5-MAX(B8,J8)) -> 119.93333 | J11: 1',2'→→ | N11: =ABS(MIN(F8,N8)+360*S5-MAX(F8,N8)) -> 120.06667 | T11: 做必做实验计算时不确定度和均值请自行输入，以免小数位数出问题
A12: 3过零纠正 | B12: 1,2→→ | F12: =ABS(MIN(B9,J9)+360*R6-MAX(B9,J9)) -> 119.91667 | J12: 1',2'→→ | N12: =ABS(MIN(F9,N9)+360*S6-MAX(F9,N9)) -> 120.03333
A13: A 未改 | B13: 1 | F13: =(1/4)*(F10+N10) -> 60 | J13: A重算 | N13: =U4+W4/60 -> 60 | R13: A重算rad | S13: =N13*PI()/180 -> 1.0471976 | T13: A原平均角度
B14: 2 | F14: =(1/4)*(F11+N11) -> 60 | N14: =U5+W5/60 -> 60 | S14: =N14*PI()/180 -> 1.0471976 | T14: =T16*180/PI() -> 59.995833
B15: 3 | F15: =(1/4)*(F12+N12) -> 59.9875 | N15: =U6+W6/60 -> 59.9875 | S15: =N15*PI()/180 -> 1.0469794 | T15: A原平均rad
A16: A角度制均值 | B16: =U8+W8/60 -> 59.983333 | R16: ()^2/2 | S16: =(S13-B17)^2/2 -> 4.2307975e-08 | T16: =AVERAGE(S13:S15) -> 1.0471248
A17: A平均值 | B17: =B16*PI()/180 -> 1.0469067 | S17: =(S14-B17)^2/2 -> 4.2307975e-08
A18: σ | B18: =SQRT(SUM(S16:S18)) -> 0.00029539837 | S18: =(S15-B17)^2/2 -> 2.6442484e-09
A19: uA | B19: =B18/SQRT(3) -> 0.00017054833 | R19: tp | S19: 1.32
A20: UA | B20: =S19*B19 -> 0.0002251238 | R20: p=0.683, n=3
A21: 合成不确定度 | B21: =SQRT(B20^2+S22^2) -> 0.00062381449 | R21: uB(°) | S21: =2/60 -> 0.033333333
A22: 角度制 | B22: =B21*180/PI() -> 0.035741938 | R22: uB rad | S22: =S21*PI()/180 -> 0.00058177642
A25: 不确定度重算 | B25: =U9+W9/60 -> 0.033333333
A26: 不确定度重算rad | B26: =B25*PI()/180 -> 0.00058177642

Sheet data1
B1: A不确定度 rad | C1: A度数 rad | E1: 不确定度rad
A2: 1 | B2: =2/60*PI()/180 -> 0.00058177642 | C2: =60*PI()/180 -> 1.0471976 | D2: =必做!AC11 -> 2 | E2: =VLOOKUP($D$2,$A:$C,COLUMN(B2),0) -> 0.00058177642
A3: 2 | B3: =选做1!B29 -> 0.00058177642 | C3: =选做1!B20 -> 1.0474884 | E3: 度数rad
A4: 3 | B4: =选做2!B26 -> 0.00058177642 | C4: =选做2!B17 -> 1.0469067 | E4: =VLOOKUP($D$2,$A:$C,COLUMN(C4),0) -> 1.0474884
B7: 请勿动本表！！！
